acquisition_channel,active_users,activation_rate,conversion_rate,churn_rate
direct,235,0.9994033412887828,0.1515513126491647,0.07480314960629922
email,229,0.9975947083583885,0.15093205051112446,0.08764940239043825
organic,252,0.9976525821596244,0.16549295774647887,0.10638297872340426
paid_search,339,0.9981515711645101,0.23290203327171904,0.10317460317460317
referral,242,0.9982057416267942,0.1638755980861244,0.11678832116788321
social,191,0.9981949458483754,0.12575210589651023,0.0861244019138756
