month,tickets_opened,avg_nps
2024-01,27,7.962962962962963
2024-02,61,8.065573770491802
2024-03,91,8.296703296703297
2024-04,99,8.292929292929292
2024-05,91,8.351648351648352
2024-06,67,8.64179104477612
2024-07,65,8.138461538461538
2024-08,71,8.28169014084507
2024-09,79,8.379746835443038
2024-10,92,8.282608695652174
2024-11,113,8.47787610619469
2024-12,114,8.266666666666667
